test_index,Target
6557,0.5063267
6558,0.5007244
6559,0.50738555
6560,0.5151565
6561,0.50844324
6562,0.5084377
6563,0.51079136
6564,0.5131075
6565,0.5125885
6566,0.5006764
6567,0.50332576
6568,0.5015258
6569,0.50370836
6570,0.51169795
6571,0.50828326
6572,0.5082167
6573,0.50955385
6574,0.507204
6575,0.5079508
6576,0.51113224
6577,0.5092507
6578,0.5062752
6579,0.5058605
6580,0.5088809
6581,0.50943863
6582,0.5088622
6583,0.5137326
6584,0.5124494
6585,0.5127357
6586,0.51085454
6587,0.50932705
6588,0.5067388
6589,0.50561005
6590,0.51033014
6591,0.50631416
6592,0.5086017
6593,0.5012512
6594,0.50070393
6595,0.50851846
6596,0.5020174
6597,0.50381285
6598,0.507411
6599,0.5000102
6600,0.50414604
6601,0.50483
6602,0.50407404
6603,0.5055775
6604,0.50686336
6605,0.5097449
6606,0.5022617
6607,0.50533956
6608,0.5049921
6609,0.5057652
6610,0.5077187
6611,0.5097668
6612,0.51321316
6613,0.50846004
6614,0.5106458
6615,0.5165679
6616,0.5062328
6617,0.5137351
6618,0.508434
6619,0.5082434
6620,0.5155896
6621,0.5062915
6622,0.50466114
6623,0.5006002
6624,0.5047433
6625,0.5031255
6626,0.49885616
6627,0.50160646
6628,0.4999368
6629,0.4998668
6630,0.50427884
6631,0.5012363
6632,0.5028022
6633,0.5040754
6634,0.5151219
6635,0.5063943
6636,0.5090743
6637,0.50823927
6638,0.509765
6639,0.5106596
6640,0.50301397
6641,0.5083825
6642,0.50455153
6643,0.50755644
6644,0.5079757
6645,0.5098198
6646,0.5098671
6647,0.5145001
6648,0.50613177
6649,0.4974591
6650,0.5111841
6651,0.5009209
6652,0.5005643
6653,0.5010624
6654,0.50756127
6655,0.50461495
6656,0.5093393
6657,0.508064
6658,0.506828
6659,0.51119226
6660,0.51144165
6661,0.50726646
6662,0.50237685
6663,0.5001333
6664,0.50593907
6665,0.50283784
6666,0.49998757
6667,0.50416476
6668,0.50134516
6669,0.5029862
6670,0.50714934
6671,0.5036546
6672,0.4993847
6673,0.5073953
6674,0.5058085
6675,0.50985116
6676,0.51174235
6677,0.50923747
6678,0.50869226
6679,0.503874
6680,0.5106019
6681,0.5002319
6682,0.50979
6683,0.5144597
6684,0.50884694
6685,0.5033028
6686,0.50601393
6687,0.5067019
6688,0.51193076
6689,0.51055986
6690,0.5146243
6691,0.5099227
6692,0.5079121
6693,0.49970964
6694,0.49722543
6695,0.50532573
6696,0.5067828
6697,0.5066943
6698,0.5056535
6699,0.50334823
6700,0.5124921
6701,0.52302545
6702,0.5193994
6703,0.51499015
6704,0.51643753
6705,0.52056897
6706,0.5087116
6707,0.5099365
6708,0.51498026
6709,0.5102953
6710,0.50978625
6711,0.5078835
6712,0.5104025
6713,0.5117566
6714,0.50895715
6715,0.50616455
6716,0.5098338
6717,0.50586593
6718,0.5156172
6719,0.5110954
6720,0.5102385
6721,0.505061
6722,0.5070877
6723,0.5061223
6724,0.50656736
6725,0.501947
6726,0.50552297
6727,0.49987537
6728,0.50495464
6729,0.5034209
6730,0.4977629
6731,0.4968295
6732,0.5033465
6733,0.51035327
6734,0.5052577
6735,0.5000779
6736,0.50633705
6737,0.5112794
6738,0.5144493
6739,0.5025935
6740,0.5076347
6741,0.50438625
6742,0.5009357
6743,0.4988233
6744,0.50017315
6745,0.49984255
6746,0.5078241
6747,0.531926
6748,0.5124013
6749,0.50913554
6750,0.5052487
6751,0.5106079
6752,0.5140602
6753,0.5414712
6754,0.5361377
6755,0.52746856
6756,0.56294453
6757,0.5348805
6758,0.55261713
6759,0.5294378
6760,0.53201854
6761,0.5291666
6762,0.53939676
6763,0.5243552
6764,0.52357185
6765,0.52584475
6766,0.512011
6767,0.5149063
6768,0.51527494
6769,0.51610345
6770,0.51481336
6771,0.5155373
6772,0.5140955
6773,0.5132876
6774,0.51388294
6775,0.51148033
6776,0.5128685
6777,0.51377326
6778,0.52178824
6779,0.515141
6780,0.5142448
6781,0.51225185
6782,0.51349133
6783,0.51148844
6784,0.5125186
6785,0.5122979
6786,0.51359665
6787,0.512995
6788,0.5118542
6789,0.52506477
6790,0.5151133
6791,0.5124759
6792,0.5129779
6793,0.51212883
6794,0.51450384
6795,0.514943
6796,0.5109505
6797,0.51558423
6798,0.5190098
6799,0.5150734
6800,0.5109339
6801,0.54010797
6802,0.52822626
6803,0.5167171
6804,0.5230008
6805,0.5103363
6806,0.5294505
6807,0.53546405
6808,0.52889913
6809,0.5799616
6810,0.51700085
6811,0.52861345
6812,0.53062034
6813,0.5360819
6814,0.53751457
6815,0.53710765
6816,0.53213435
6817,0.5235079
6818,0.5347811
6819,0.5273109
6820,0.5233342
6821,0.5274089
6822,0.5218084
6823,0.52191424
6824,0.5496379
6825,0.5085159
6826,0.5113867
6827,0.5131972
6828,0.5127871
6829,0.5103793
6830,0.5082166
6831,0.5111122
6832,0.5089724
6833,0.5162178
6834,0.5094671
6835,0.5098425
6836,0.50806606
6837,0.50834686
6838,0.510592
6839,0.5077181
6840,0.5083348
6841,0.5080285
6842,0.51130563
6843,0.5079624
6844,0.50794023
6845,0.51011395
6846,0.515272
6847,0.5086664
6848,0.50967985
6849,0.50890285
6850,0.51184934
6851,0.50935704
6852,0.50924313
6853,0.5259873
6854,0.5251733
6855,0.5181808
6856,0.5117441
6857,0.51032776
6858,0.51126796
6859,0.51043
6860,0.5100622
6861,0.5126822
6862,0.50867033
6863,0.510255
6864,0.510616
6865,0.51320237
6866,0.51223904
6867,0.5126438
6868,0.5115326
6869,0.51136756
6870,0.51090145
6871,0.50952643
6872,0.51372087
6873,0.51098585
6874,0.5091
6875,0.51189893
6876,0.51306564
6877,0.5103577
6878,0.5132713
6879,0.5344154
6880,0.51310635
6881,0.514289
6882,0.5095826
6883,0.51097697
6884,0.5115081
6885,0.5107844
6886,0.50945264
6887,0.51222074
6888,0.5101082
6889,0.5820684
6890,0.5312935
6891,0.5232032
6892,0.5241947
6893,0.52243507
6894,0.5188426
6895,0.5122694
6896,0.5124259
6897,0.51465935
6898,0.514433
6899,0.5133892
6900,0.5136384
6901,0.5152914
6902,0.5113225
6903,0.509919
6904,0.510832
6905,0.51139665
6906,0.511898
6907,0.51056427
6908,0.5141066
6909,0.51376146
6910,0.5115392
6911,0.5117805
6912,0.5129891
6913,0.512538
6914,0.51221997
6915,0.51100105
6916,0.52082855
6917,0.5289053
6918,0.52635694
6919,0.51964295
6920,0.51394963
6921,0.52060235
6922,0.51879454
6923,0.5138876
6924,0.51156294
6925,0.56062317
6926,0.5566208
6927,0.5272891
6928,0.51444244
6929,0.5117491
6930,0.5396805
6931,0.530017
6932,0.5103598
6933,0.5075295
6934,0.50441414
6935,0.5088865
6936,0.51675034
6937,0.5091052
6938,0.5047134
6939,0.52638656
6940,0.53698105
6941,0.5081106
6942,0.5095664
6943,0.503483
6944,0.51469153
6945,0.5031858
6946,0.5044367
6947,0.50364155
6948,0.5070341
6949,0.5081007
6950,0.5036206
6951,0.5039462
6952,0.50402623
6953,0.5052219
6954,0.51924676
6955,0.5195869
6956,0.5050516
6957,0.5048178
6958,0.5174152
6959,0.50865453
6960,0.5091247
6961,0.51105255
6962,0.51786786
6963,0.5049037
6964,0.50648403
6965,0.50530136
6966,0.5030064
6967,0.50385886
6968,0.5049134
6969,0.5037228
6970,0.5034813
6971,0.5040596
6972,0.5045071
6973,0.51168233
6974,0.5077359
6975,0.50857586
6976,0.5072051
6977,0.50470865
6978,0.5064963
6979,0.50613624
6980,0.5061581
6981,0.5040287
6982,0.50792146
6983,0.5072059
6984,0.50465053
6985,0.50457495
6986,0.50377077
6987,0.5049448
6988,0.504414
6989,0.50836706
6990,0.5078125
6991,0.5103372
6992,0.5077758
6993,0.50418264
6994,0.50763386
6995,0.5055639
6996,0.50871915
6997,0.5032564
6998,0.50412446
6999,0.50791043
7000,0.5031075
7001,0.50869715
7002,0.50777715
7003,0.5049079
7004,0.5057936
7005,0.5030998
7006,0.50288606
7007,0.50423175
7008,0.50171363
7009,0.50502044
7010,0.5028093
7011,0.50400287
7012,0.50738674
7013,0.50291467
7014,0.5027003
7015,0.5053667
7016,0.50139624
7017,0.51785314
7018,0.50345266
7019,0.50301754
7020,0.50382036
7021,0.5066363
7022,0.5018422
7023,0.5053522
7024,0.50468194
7025,0.50212675
7026,0.5076539
7027,0.5033545
7028,0.50991416
7029,0.50551754
7030,0.5105125
7031,0.5106605
7032,0.5074237
7033,0.5098741
7034,0.5084746
7035,0.504461
7036,0.50396395
7037,0.50447613
7038,0.5049579
7039,0.5092089
7040,0.51221377
7041,0.50525665
7042,0.503461
7043,0.50150293
7044,0.5003835
7045,0.5007094
7046,0.5072095
7047,0.50084645
7048,0.50273204
7049,0.5028601
7050,0.5023634
7051,0.4991955
7052,0.5005858
7053,0.50230575
7054,0.503693
7055,0.5052389
7056,0.50559837
7057,0.5039133
7058,0.5024315
7059,0.5095078
7060,0.5031155
7061,0.5167224
7062,0.5082607
7063,0.50637436
7064,0.50332695
7065,0.50192535
7066,0.5155257
7067,0.5085689
7068,0.50956875
7069,0.50581414
7070,0.5105715
7071,0.51003516
7072,0.50863475
7073,0.511243
7074,0.5074639
7075,0.5139783
7076,0.5094388
7077,0.51253253
7078,0.5063804
7079,0.50123787
7080,0.5255478
7081,0.5043509
7082,0.5096265
7083,0.5137069
7084,0.5099757
7085,0.510557
7086,0.50839716
7087,0.50890726
7088,0.504009
7089,0.5110303
7090,0.5128057
7091,0.5149531
7092,0.50769585
7093,0.5078969
7094,0.5040804
7095,0.5084818
7096,0.5147049
7097,0.51071167
7098,0.5119031
7099,0.51098573
7100,0.5083088
7101,0.504457
7102,0.50712097
7103,0.50500417
7104,0.5089735
7105,0.5110152
7106,0.5091268
7107,0.5103948
7108,0.5069841
7109,0.503404
7110,0.5033337
7111,0.5089239
7112,0.5102222
7113,0.51251364
7114,0.51334816
7115,0.50930434
7116,0.51505417
7117,0.514135
7118,0.51279616
7119,0.5156454
7120,0.5165952
7121,0.5158621
7122,0.51071286
7123,0.51237583
7124,0.50918937
7125,0.5107776
7126,0.51665276
7127,0.51548547
7128,0.510611
7129,0.515479
7130,0.51893914
7131,0.52224076
7132,0.50374365
7133,0.5094904
7134,0.5153443
7135,0.5099221
7136,0.520072
7137,0.51285857
7138,0.5069269
7139,0.5076405
7140,0.5101035
7141,0.5119373
7142,0.5106696
7143,0.50550526
7144,0.5033761
7145,0.5377436
7146,0.50316304
7147,0.50276643
7148,0.50435436
7149,0.5076038
7150,0.50911224
7151,0.50125396
7152,0.5043768
7153,0.5031784
7154,0.50441384
7155,0.5029373
7156,0.5077674
7157,0.50367063
7158,0.50468856
7159,0.5014588
7160,0.5091259
7161,0.5112513
7162,0.5046435
7163,0.5033777
7164,0.50698626
7165,0.5008637
7166,0.5095896
7167,0.5057265
7168,0.50574654
7169,0.50735384
7170,0.5100455
7171,0.50624436
7172,0.50904256
7173,0.5050897
7174,0.5025875
7175,0.4998885
7176,0.5045132
7177,0.51072943
7178,0.5061124
7179,0.500795
7180,0.5013859
7181,0.509936
7182,0.50989735
7183,0.5078041
7184,0.5080057
7185,0.5120495
7186,0.50842136
7187,0.5072217
7188,0.50947285
7189,0.5039085
7190,0.5029
7191,0.5019423
7192,0.502476
7193,0.5043032
7194,0.51203483
7195,0.53014964
7196,0.5021226
7197,0.5188176
7198,0.50259626
7199,0.50451124
7200,0.50758153
7201,0.50819224
7202,0.5051149
7203,0.50239724
7204,0.5091277
7205,0.512566
7206,0.50964594
7207,0.50623184
7208,0.5089837
7209,0.50399727
7210,0.51071835
7211,0.50525683
7212,0.5087302
7213,0.5122965
7214,0.50832784
7215,0.5154956
7216,0.51619047
7217,0.51344424
7218,0.5106663
7219,0.5119809
7220,0.50353855
7221,0.5084331
7222,0.50335026
7223,0.5048859
7224,0.5046648
7225,0.50458467
7226,0.50566787
7227,0.506439
7228,0.50607944
7229,0.5096817
7230,0.5066127
7231,0.5006984
7232,0.5054359
7233,0.5011778
7234,0.50587726
7235,0.5036948
7236,0.50190777
7237,0.50081795
7238,0.50516284
7239,0.50313336
7240,0.5019778
7241,0.50467414
7242,0.5023472
7243,0.5077024
7244,0.50250244
7245,0.5031736
7246,0.49984828
7247,0.50128293
7248,0.5018875
7249,0.50712264
7250,0.50102615
7251,0.5045065
7252,0.5049385
7253,0.50490314
7254,0.50665796
7255,0.5007042
7256,0.5049916
7257,0.5338163
7258,0.5180256
7259,0.5210028
7260,0.5188232
7261,0.5123707
7262,0.5110315
7263,0.5290578
7264,0.5307355
7265,0.523753
7266,0.51792806
7267,0.51291186
7268,0.5132057
7269,0.5030407
7270,0.5027763
7271,0.5106882
7272,0.50253075
7273,0.5116385
7274,0.50797945
7275,0.5047609
7276,0.50696385
7277,0.5065083
7278,0.5071325
7279,0.50572693
7280,0.5009333
7281,0.5049419
7282,0.5031571
